"id","n","label","parent"
"total",118822,NA,NA
"total  -  Action",18075,"Action","total"
"total  -  Adventure",10663,"Adventure","total"
"total  -  Animation",3867,"Animation","total"
"total  -  Comedy",17260,"Comedy","total"
"total  -  Crime",12800,"Crime","total"
"total  -  Documentary",784,"Documentary","total"
"total  -  Drama",31390,"Drama","total"
"total  -  Family",224,"Family","total"
"total  -  Fantasy",1819,"Fantasy","total"
"total  -  Horror",696,"Horror","total"
"total  -  Music",499,"Music","total"
"total  -  Mystery",4638,"Mystery","total"
"total  -  Romance",8719,"Romance","total"
"total  -  Sci Fi",1373,"Sci Fi","total"
"total  -  Short",84,"Short","total"
"total  -  Thriller",5931,"Thriller","total"
"total  -  Action  -  Argentina",137,"Argentina","total  -  Action"
"total  -  Adventure  -  Argentina",98,"Argentina","total  -  Adventure"
"total  -  Animation  -  Argentina",53,"Argentina","total  -  Animation"
"total  -  Comedy  -  Argentina",170,"Argentina","total  -  Comedy"
"total  -  Crime  -  Argentina",134,"Argentina","total  -  Crime"
"total  -  Drama  -  Argentina",377,"Argentina","total  -  Drama"
"total  -  Music  -  Argentina",37,"Argentina","total  -  Music"
"total  -  Mystery  -  Argentina",59,"Argentina","total  -  Mystery"
"total  -  Romance  -  Argentina",100,"Argentina","total  -  Romance"
"total  -  Thriller  -  Argentina",77,"Argentina","total  -  Thriller"
"total  -  Action  -  Australia",189,"Australia","total  -  Action"
"total  -  Adventure  -  Australia",130,"Australia","total  -  Adventure"
"total  -  Animation  -  Australia",50,"Australia","total  -  Animation"
"total  -  Comedy  -  Australia",187,"Australia","total  -  Comedy"
"total  -  Crime  -  Australia",144,"Australia","total  -  Crime"
"total  -  Documentary  -  Australia",47,"Australia","total  -  Documentary"
"total  -  Drama  -  Australia",306,"Australia","total  -  Drama"
"total  -  Fantasy  -  Australia",46,"Australia","total  -  Fantasy"
"total  -  Mystery  -  Australia",46,"Australia","total  -  Mystery"
"total  -  Romance  -  Australia",73,"Australia","total  -  Romance"
"total  -  Sci Fi  -  Australia",46,"Australia","total  -  Sci Fi"
"total  -  Thriller  -  Australia",51,"Australia","total  -  Thriller"
"total  -  Action  -  Austria",205,"Austria","total  -  Action"
"total  -  Adventure  -  Austria",127,"Austria","total  -  Adventure"
"total  -  Comedy  -  Austria",189,"Austria","total  -  Comedy"
"total  -  Crime  -  Austria",161,"Austria","total  -  Crime"
"total  -  Drama  -  Austria",330,"Austria","total  -  Drama"
"total  -  Family  -  Austria",36,"Austria","total  -  Family"
"total  -  Fantasy  -  Austria",54,"Austria","total  -  Fantasy"
"total  -  Horror  -  Austria",36,"Austria","total  -  Horror"
"total  -  Mystery  -  Austria",58,"Austria","total  -  Mystery"
"total  -  Romance  -  Austria",81,"Austria","total  -  Romance"
"total  -  Thriller  -  Austria",64,"Austria","total  -  Thriller"
"total  -  Action  -  Bahamas",183,"Bahamas","total  -  Action"
"total  -  Adventure  -  Bahamas",101,"Bahamas","total  -  Adventure"
"total  -  Animation  -  Bahamas",77,"Bahamas","total  -  Animation"
"total  -  Comedy  -  Bahamas",181,"Bahamas","total  -  Comedy"
"total  -  Crime  -  Bahamas",144,"Bahamas","total  -  Crime"
"total  -  Drama  -  Bahamas",312,"Bahamas","total  -  Drama"
"total  -  Family  -  Bahamas",42,"Bahamas","total  -  Family"
"total  -  Mystery  -  Bahamas",41,"Bahamas","total  -  Mystery"
"total  -  Romance  -  Bahamas",74,"Bahamas","total  -  Romance"
"total  -  Thriller  -  Bahamas",89,"Bahamas","total  -  Thriller"
"total  -  Action  -  Bahrain",210,"Bahrain","total  -  Action"
"total  -  Adventure  -  Bahrain",112,"Bahrain","total  -  Adventure"
"total  -  Animation  -  Bahrain",34,"Bahrain","total  -  Animation"
"total  -  Comedy  -  Bahrain",166,"Bahrain","total  -  Comedy"
"total  -  Crime  -  Bahrain",134,"Bahrain","total  -  Crime"
"total  -  Drama  -  Bahrain",346,"Bahrain","total  -  Drama"
"total  -  Fantasy  -  Bahrain",38,"Bahrain","total  -  Fantasy"
"total  -  Horror  -  Bahrain",34,"Bahrain","total  -  Horror"
"total  -  Mystery  -  Bahrain",49,"Bahrain","total  -  Mystery"
"total  -  Romance  -  Bahrain",93,"Bahrain","total  -  Romance"
"total  -  Thriller  -  Bahrain",69,"Bahrain","total  -  Thriller"
"total  -  Action  -  Bangladesh",240,"Bangladesh","total  -  Action"
"total  -  Adventure  -  Bangladesh",88,"Bangladesh","total  -  Adventure"
"total  -  Animation  -  Bangladesh",36,"Bangladesh","total  -  Animation"
"total  -  Comedy  -  Bangladesh",190,"Bangladesh","total  -  Comedy"
"total  -  Crime  -  Bangladesh",172,"Bangladesh","total  -  Crime"
"total  -  Drama  -  Bangladesh",373,"Bangladesh","total  -  Drama"
"total  -  Mystery  -  Bangladesh",93,"Bangladesh","total  -  Mystery"
"total  -  Romance  -  Bangladesh",90,"Bangladesh","total  -  Romance"
"total  -  Sci Fi  -  Bangladesh",40,"Bangladesh","total  -  Sci Fi"
"total  -  Thriller  -  Bangladesh",70,"Bangladesh","total  -  Thriller"
"total  -  Action  -  Belgium",202,"Belgium","total  -  Action"
"total  -  Adventure  -  Belgium",138,"Belgium","total  -  Adventure"
"total  -  Animation  -  Belgium",52,"Belgium","total  -  Animation"
"total  -  Comedy  -  Belgium",185,"Belgium","total  -  Comedy"
"total  -  Crime  -  Belgium",136,"Belgium","total  -  Crime"
"total  -  Drama  -  Belgium",329,"Belgium","total  -  Drama"
"total  -  Fantasy  -  Belgium",50,"Belgium","total  -  Fantasy"
"total  -  Mystery  -  Belgium",48,"Belgium","total  -  Mystery"
"total  -  Romance  -  Belgium",80,"Belgium","total  -  Romance"
"total  -  Thriller  -  Belgium",55,"Belgium","total  -  Thriller"
"total  -  Action  -  Bolivia",162,"Bolivia","total  -  Action"
"total  -  Adventure  -  Bolivia",136,"Bolivia","total  -  Adventure"
"total  -  Animation  -  Bolivia",94,"Bolivia","total  -  Animation"
"total  -  Comedy  -  Bolivia",218,"Bolivia","total  -  Comedy"
"total  -  Crime  -  Bolivia",87,"Bolivia","total  -  Crime"
"total  -  Drama  -  Bolivia",282,"Bolivia","total  -  Drama"
"total  -  Horror  -  Bolivia",30,"Bolivia","total  -  Horror"
"total  -  Mystery  -  Bolivia",44,"Bolivia","total  -  Mystery"
"total  -  Romance  -  Bolivia",107,"Bolivia","total  -  Romance"
"total  -  Thriller  -  Bolivia",52,"Bolivia","total  -  Thriller"
"total  -  Action  -  Brazil",163,"Brazil","total  -  Action"
"total  -  Adventure  -  Brazil",157,"Brazil","total  -  Adventure"
"total  -  Animation  -  Brazil",67,"Brazil","total  -  Animation"
"total  -  Comedy  -  Brazil",206,"Brazil","total  -  Comedy"
"total  -  Crime  -  Brazil",115,"Brazil","total  -  Crime"
"total  -  Drama  -  Brazil",310,"Brazil","total  -  Drama"
"total  -  Family  -  Brazil",104,"Brazil","total  -  Family"
"total  -  Music  -  Brazil",42,"Brazil","total  -  Music"
"total  -  Mystery  -  Brazil",42,"Brazil","total  -  Mystery"
"total  -  Romance  -  Brazil",118,"Brazil","total  -  Romance"
"total  -  Thriller  -  Brazil",59,"Brazil","total  -  Thriller"
"total  -  Action  -  Bulgaria",219,"Bulgaria","total  -  Action"
"total  -  Adventure  -  Bulgaria",127,"Bulgaria","total  -  Adventure"
"total  -  Animation  -  Bulgaria",48,"Bulgaria","total  -  Animation"
"total  -  Comedy  -  Bulgaria",193,"Bulgaria","total  -  Comedy"
"total  -  Crime  -  Bulgaria",128,"Bulgaria","total  -  Crime"
"total  -  Drama  -  Bulgaria",325,"Bulgaria","total  -  Drama"
"total  -  Fantasy  -  Bulgaria",38,"Bulgaria","total  -  Fantasy"
"total  -  Mystery  -  Bulgaria",45,"Bulgaria","total  -  Mystery"
"total  -  Romance  -  Bulgaria",95,"Bulgaria","total  -  Romance"
"total  -  Sci Fi  -  Bulgaria",38,"Bulgaria","total  -  Sci Fi"
"total  -  Thriller  -  Bulgaria",54,"Bulgaria","total  -  Thriller"
"total  -  Action  -  Canada",183,"Canada","total  -  Action"
"total  -  Adventure  -  Canada",98,"Canada","total  -  Adventure"
"total  -  Animation  -  Canada",49,"Canada","total  -  Animation"
"total  -  Comedy  -  Canada",168,"Canada","total  -  Comedy"
"total  -  Crime  -  Canada",155,"Canada","total  -  Crime"
"total  -  Documentary  -  Canada",39,"Canada","total  -  Documentary"
"total  -  Drama  -  Canada",296,"Canada","total  -  Drama"
"total  -  Mystery  -  Canada",55,"Canada","total  -  Mystery"
"total  -  Romance  -  Canada",77,"Canada","total  -  Romance"
"total  -  Thriller  -  Canada",70,"Canada","total  -  Thriller"
"total  -  Action  -  Chile",131,"Chile","total  -  Action"
"total  -  Adventure  -  Chile",115,"Chile","total  -  Adventure"
"total  -  Animation  -  Chile",71,"Chile","total  -  Animation"
"total  -  Comedy  -  Chile",199,"Chile","total  -  Comedy"
"total  -  Crime  -  Chile",100,"Chile","total  -  Crime"
"total  -  Drama  -  Chile",343,"Chile","total  -  Drama"
"total  -  Music  -  Chile",36,"Chile","total  -  Music"
"total  -  Mystery  -  Chile",43,"Chile","total  -  Mystery"
"total  -  Romance  -  Chile",123,"Chile","total  -  Romance"
"total  -  Thriller  -  Chile",56,"Chile","total  -  Thriller"
"total  -  Action  -  Colombia",145,"Colombia","total  -  Action"
"total  -  Adventure  -  Colombia",105,"Colombia","total  -  Adventure"
"total  -  Animation  -  Colombia",58,"Colombia","total  -  Animation"
"total  -  Comedy  -  Colombia",197,"Colombia","total  -  Comedy"
"total  -  Crime  -  Colombia",108,"Colombia","total  -  Crime"
"total  -  Documentary  -  Colombia",40,"Colombia","total  -  Documentary"
"total  -  Drama  -  Colombia",302,"Colombia","total  -  Drama"
"total  -  Mystery  -  Colombia",45,"Colombia","total  -  Mystery"
"total  -  Romance  -  Colombia",109,"Colombia","total  -  Romance"
"total  -  Thriller  -  Colombia",72,"Colombia","total  -  Thriller"
"total  -  Action  -  Costa Rica",126,"Costa Rica","total  -  Action"
"total  -  Adventure  -  Costa Rica",95,"Costa Rica","total  -  Adventure"
"total  -  Animation  -  Costa Rica",57,"Costa Rica","total  -  Animation"
"total  -  Comedy  -  Costa Rica",204,"Costa Rica","total  -  Comedy"
"total  -  Crime  -  Costa Rica",98,"Costa Rica","total  -  Crime"
"total  -  Drama  -  Costa Rica",334,"Costa Rica","total  -  Drama"
"total  -  Horror  -  Costa Rica",33,"Costa Rica","total  -  Horror"
"total  -  Music  -  Costa Rica",33,"Costa Rica","total  -  Music"
"total  -  Mystery  -  Costa Rica",41,"Costa Rica","total  -  Mystery"
"total  -  Romance  -  Costa Rica",131,"Costa Rica","total  -  Romance"
"total  -  Thriller  -  Costa Rica",68,"Costa Rica","total  -  Thriller"
"total  -  Action  -  Croatia",176,"Croatia","total  -  Action"
"total  -  Adventure  -  Croatia",115,"Croatia","total  -  Adventure"
"total  -  Animation  -  Croatia",49,"Croatia","total  -  Animation"
"total  -  Comedy  -  Croatia",206,"Croatia","total  -  Comedy"
"total  -  Crime  -  Croatia",142,"Croatia","total  -  Crime"
"total  -  Documentary  -  Croatia",43,"Croatia","total  -  Documentary"
"total  -  Drama  -  Croatia",309,"Croatia","total  -  Drama"
"total  -  Mystery  -  Croatia",46,"Croatia","total  -  Mystery"
"total  -  Romance  -  Croatia",89,"Croatia","total  -  Romance"
"total  -  Thriller  -  Croatia",59,"Croatia","total  -  Thriller"
"total  -  Action  -  Cyprus",203,"Cyprus","total  -  Action"
"total  -  Adventure  -  Cyprus",133,"Cyprus","total  -  Adventure"
"total  -  Animation  -  Cyprus",46,"Cyprus","total  -  Animation"
"total  -  Comedy  -  Cyprus",192,"Cyprus","total  -  Comedy"
"total  -  Crime  -  Cyprus",129,"Cyprus","total  -  Crime"
"total  -  Drama  -  Cyprus",356,"Cyprus","total  -  Drama"
"total  -  Mystery  -  Cyprus",49,"Cyprus","total  -  Mystery"
"total  -  Romance  -  Cyprus",87,"Cyprus","total  -  Romance"
"total  -  Sci Fi  -  Cyprus",47,"Cyprus","total  -  Sci Fi"
"total  -  Thriller  -  Cyprus",51,"Cyprus","total  -  Thriller"
"total  -  Action  -  Czech Republic",201,"Czech Republic","total  -  Action"
"total  -  Adventure  -  Czech Republic",151,"Czech Republic","total  -  Adventure"
"total  -  Animation  -  Czech Republic",79,"Czech Republic","total  -  Animation"
"total  -  Comedy  -  Czech Republic",188,"Czech Republic","total  -  Comedy"
"total  -  Crime  -  Czech Republic",140,"Czech Republic","total  -  Crime"
"total  -  Drama  -  Czech Republic",302,"Czech Republic","total  -  Drama"
"total  -  Fantasy  -  Czech Republic",46,"Czech Republic","total  -  Fantasy"
"total  -  Mystery  -  Czech Republic",50,"Czech Republic","total  -  Mystery"
"total  -  Romance  -  Czech Republic",66,"Czech Republic","total  -  Romance"
"total  -  Thriller  -  Czech Republic",44,"Czech Republic","total  -  Thriller"
"total  -  Action  -  Denmark",192,"Denmark","total  -  Action"
"total  -  Adventure  -  Denmark",123,"Denmark","total  -  Adventure"
"total  -  Animation  -  Denmark",54,"Denmark","total  -  Animation"
"total  -  Comedy  -  Denmark",182,"Denmark","total  -  Comedy"
"total  -  Crime  -  Denmark",152,"Denmark","total  -  Crime"
"total  -  Drama  -  Denmark",333,"Denmark","total  -  Drama"
"total  -  Fantasy  -  Denmark",38,"Denmark","total  -  Fantasy"
"total  -  Mystery  -  Denmark",53,"Denmark","total  -  Mystery"
"total  -  Romance  -  Denmark",85,"Denmark","total  -  Romance"
"total  -  Thriller  -  Denmark",51,"Denmark","total  -  Thriller"
"total  -  Action  -  Dominican Republic",175,"Dominican Republic","total  -  Action"
"total  -  Adventure  -  Dominican Republic",108,"Dominican Republic","total  -  Adventure"
"total  -  Animation  -  Dominican Republic",51,"Dominican Republic","total  -  Animation"
"total  -  Comedy  -  Dominican Republic",160,"Dominican Republic","total  -  Comedy"
"total  -  Crime  -  Dominican Republic",117,"Dominican Republic","total  -  Crime"
"total  -  Drama  -  Dominican Republic",294,"Dominican Republic","total  -  Drama"
"total  -  Fantasy  -  Dominican Republic",34,"Dominican Republic","total  -  Fantasy"
"total  -  Music  -  Dominican Republic",34,"Dominican Republic","total  -  Music"
"total  -  Mystery  -  Dominican Republic",38,"Dominican Republic","total  -  Mystery"
"total  -  Romance  -  Dominican Republic",83,"Dominican Republic","total  -  Romance"
"total  -  Thriller  -  Dominican Republic",69,"Dominican Republic","total  -  Thriller"
"total  -  Action  -  Ecuador",147,"Ecuador","total  -  Action"
"total  -  Adventure  -  Ecuador",118,"Ecuador","total  -  Adventure"
"total  -  Animation  -  Ecuador",67,"Ecuador","total  -  Animation"
"total  -  Comedy  -  Ecuador",208,"Ecuador","total  -  Comedy"
"total  -  Crime  -  Ecuador",86,"Ecuador","total  -  Crime"
"total  -  Drama  -  Ecuador",285,"Ecuador","total  -  Drama"
"total  -  Music  -  Ecuador",33,"Ecuador","total  -  Music"
"total  -  Mystery  -  Ecuador",37,"Ecuador","total  -  Mystery"
"total  -  Romance  -  Ecuador",101,"Ecuador","total  -  Romance"
"total  -  Thriller  -  Ecuador",61,"Ecuador","total  -  Thriller"
"total  -  Action  -  Egypt",202,"Egypt","total  -  Action"
"total  -  Adventure  -  Egypt",106,"Egypt","total  -  Adventure"
"total  -  Animation  -  Egypt",52,"Egypt","total  -  Animation"
"total  -  Comedy  -  Egypt",186,"Egypt","total  -  Comedy"
"total  -  Crime  -  Egypt",118,"Egypt","total  -  Crime"
"total  -  Drama  -  Egypt",342,"Egypt","total  -  Drama"
"total  -  Fantasy  -  Egypt",32,"Egypt","total  -  Fantasy"
"total  -  Horror  -  Egypt",32,"Egypt","total  -  Horror"
"total  -  Mystery  -  Egypt",41,"Egypt","total  -  Mystery"
"total  -  Romance  -  Egypt",88,"Egypt","total  -  Romance"
"total  -  Thriller  -  Egypt",62,"Egypt","total  -  Thriller"
"total  -  Action  -  El Salvador",138,"El Salvador","total  -  Action"
"total  -  Adventure  -  El Salvador",104,"El Salvador","total  -  Adventure"
"total  -  Animation  -  El Salvador",63,"El Salvador","total  -  Animation"
"total  -  Comedy  -  El Salvador",193,"El Salvador","total  -  Comedy"
"total  -  Crime  -  El Salvador",101,"El Salvador","total  -  Crime"
"total  -  Drama  -  El Salvador",304,"El Salvador","total  -  Drama"
"total  -  Music  -  El Salvador",32,"El Salvador","total  -  Music"
"total  -  Mystery  -  El Salvador",37,"El Salvador","total  -  Mystery"
"total  -  Romance  -  El Salvador",109,"El Salvador","total  -  Romance"
"total  -  Thriller  -  El Salvador",59,"El Salvador","total  -  Thriller"
"total  -  Action  -  Estonia",193,"Estonia","total  -  Action"
"total  -  Adventure  -  Estonia",127,"Estonia","total  -  Adventure"
"total  -  Animation  -  Estonia",57,"Estonia","total  -  Animation"
"total  -  Comedy  -  Estonia",204,"Estonia","total  -  Comedy"
"total  -  Crime  -  Estonia",131,"Estonia","total  -  Crime"
"total  -  Drama  -  Estonia",287,"Estonia","total  -  Drama"
"total  -  Mystery  -  Estonia",56,"Estonia","total  -  Mystery"
"total  -  Romance  -  Estonia",74,"Estonia","total  -  Romance"
"total  -  Sci Fi  -  Estonia",62,"Estonia","total  -  Sci Fi"
"total  -  Thriller  -  Estonia",46,"Estonia","total  -  Thriller"
"total  -  Action  -  Finland",205,"Finland","total  -  Action"
"total  -  Adventure  -  Finland",115,"Finland","total  -  Adventure"
"total  -  Animation  -  Finland",54,"Finland","total  -  Animation"
"total  -  Comedy  -  Finland",175,"Finland","total  -  Comedy"
"total  -  Crime  -  Finland",156,"Finland","total  -  Crime"
"total  -  Documentary  -  Finland",39,"Finland","total  -  Documentary"
"total  -  Drama  -  Finland",349,"Finland","total  -  Drama"
"total  -  Mystery  -  Finland",54,"Finland","total  -  Mystery"
"total  -  Romance  -  Finland",73,"Finland","total  -  Romance"
"total  -  Thriller  -  Finland",50,"Finland","total  -  Thriller"
"total  -  Action  -  France",211,"France","total  -  Action"
"total  -  Adventure  -  France",137,"France","total  -  Adventure"
"total  -  Comedy  -  France",157,"France","total  -  Comedy"
"total  -  Crime  -  France",163,"France","total  -  Crime"
"total  -  Drama  -  France",350,"France","total  -  Drama"
"total  -  Fantasy  -  France",55,"France","total  -  Fantasy"
"total  -  Mystery  -  France",47,"France","total  -  Mystery"
"total  -  Romance  -  France",72,"France","total  -  Romance"
"total  -  Sci Fi  -  France",49,"France","total  -  Sci Fi"
"total  -  Thriller  -  France",74,"France","total  -  Thriller"
"total  -  Action  -  Germany",214,"Germany","total  -  Action"
"total  -  Adventure  -  Germany",152,"Germany","total  -  Adventure"
"total  -  Animation  -  Germany",48,"Germany","total  -  Animation"
"total  -  Comedy  -  Germany",185,"Germany","total  -  Comedy"
"total  -  Crime  -  Germany",161,"Germany","total  -  Crime"
"total  -  Drama  -  Germany",329,"Germany","total  -  Drama"
"total  -  Fantasy  -  Germany",62,"Germany","total  -  Fantasy"
"total  -  Mystery  -  Germany",52,"Germany","total  -  Mystery"
"total  -  Romance  -  Germany",73,"Germany","total  -  Romance"
"total  -  Thriller  -  Germany",66,"Germany","total  -  Thriller"
"total  -  Action  -  Greece",187,"Greece","total  -  Action"
"total  -  Adventure  -  Greece",129,"Greece","total  -  Adventure"
"total  -  Animation  -  Greece",49,"Greece","total  -  Animation"
"total  -  Comedy  -  Greece",176,"Greece","total  -  Comedy"
"total  -  Crime  -  Greece",146,"Greece","total  -  Crime"
"total  -  Drama  -  Greece",352,"Greece","total  -  Drama"
"total  -  Fantasy  -  Greece",44,"Greece","total  -  Fantasy"
"total  -  Mystery  -  Greece",57,"Greece","total  -  Mystery"
"total  -  Romance  -  Greece",89,"Greece","total  -  Romance"
"total  -  Sci Fi  -  Greece",47,"Greece","total  -  Sci Fi"
"total  -  Thriller  -  Greece",44,"Greece","total  -  Thriller"
"total  -  Action  -  Guadeloupe",222,"Guadeloupe","total  -  Action"
"total  -  Adventure  -  Guadeloupe",103,"Guadeloupe","total  -  Adventure"
"total  -  Animation  -  Guadeloupe",43,"Guadeloupe","total  -  Animation"
"total  -  Comedy  -  Guadeloupe",163,"Guadeloupe","total  -  Comedy"
"total  -  Crime  -  Guadeloupe",159,"Guadeloupe","total  -  Crime"
"total  -  Drama  -  Guadeloupe",354,"Guadeloupe","total  -  Drama"
"total  -  Fantasy  -  Guadeloupe",48,"Guadeloupe","total  -  Fantasy"
"total  -  Mystery  -  Guadeloupe",43,"Guadeloupe","total  -  Mystery"
"total  -  Romance  -  Guadeloupe",78,"Guadeloupe","total  -  Romance"
"total  -  Thriller  -  Guadeloupe",68,"Guadeloupe","total  -  Thriller"
"total  -  Action  -  Guatemala",124,"Guatemala","total  -  Action"
"total  -  Adventure  -  Guatemala",101,"Guatemala","total  -  Adventure"
"total  -  Animation  -  Guatemala",60,"Guatemala","total  -  Animation"
"total  -  Comedy  -  Guatemala",204,"Guatemala","total  -  Comedy"
"total  -  Crime  -  Guatemala",94,"Guatemala","total  -  Crime"
"total  -  Drama  -  Guatemala",314,"Guatemala","total  -  Drama"
"total  -  Music  -  Guatemala",34,"Guatemala","total  -  Music"
"total  -  Mystery  -  Guatemala",42,"Guatemala","total  -  Mystery"
"total  -  Romance  -  Guatemala",117,"Guatemala","total  -  Romance"
"total  -  Thriller  -  Guatemala",58,"Guatemala","total  -  Thriller"
"total  -  Action  -  Honduras",134,"Honduras","total  -  Action"
"total  -  Adventure  -  Honduras",90,"Honduras","total  -  Adventure"
"total  -  Animation  -  Honduras",45,"Honduras","total  -  Animation"
"total  -  Comedy  -  Honduras",198,"Honduras","total  -  Comedy"
"total  -  Crime  -  Honduras",105,"Honduras","total  -  Crime"
"total  -  Drama  -  Honduras",320,"Honduras","total  -  Drama"
"total  -  Music  -  Honduras",33,"Honduras","total  -  Music"
"total  -  Mystery  -  Honduras",43,"Honduras","total  -  Mystery"
"total  -  Romance  -  Honduras",124,"Honduras","total  -  Romance"
"total  -  Thriller  -  Honduras",63,"Honduras","total  -  Thriller"
"total  -  Action  -  Hong Kong",243,"Hong Kong","total  -  Action"
"total  -  Adventure  -  Hong Kong",114,"Hong Kong","total  -  Adventure"
"total  -  Comedy  -  Hong Kong",154,"Hong Kong","total  -  Comedy"
"total  -  Crime  -  Hong Kong",113,"Hong Kong","total  -  Crime"
"total  -  Drama  -  Hong Kong",346,"Hong Kong","total  -  Drama"
"total  -  Fantasy  -  Hong Kong",40,"Hong Kong","total  -  Fantasy"
"total  -  Mystery  -  Hong Kong",71,"Hong Kong","total  -  Mystery"
"total  -  Romance  -  Hong Kong",117,"Hong Kong","total  -  Romance"
"total  -  Sci Fi  -  Hong Kong",59,"Hong Kong","total  -  Sci Fi"
"total  -  Thriller  -  Hong Kong",66,"Hong Kong","total  -  Thriller"
"total  -  Action  -  Hungary",197,"Hungary","total  -  Action"
"total  -  Adventure  -  Hungary",125,"Hungary","total  -  Adventure"
"total  -  Animation  -  Hungary",63,"Hungary","total  -  Animation"
"total  -  Comedy  -  Hungary",194,"Hungary","total  -  Comedy"
"total  -  Crime  -  Hungary",159,"Hungary","total  -  Crime"
"total  -  Drama  -  Hungary",334,"Hungary","total  -  Drama"
"total  -  Fantasy  -  Hungary",41,"Hungary","total  -  Fantasy"
"total  -  Mystery  -  Hungary",51,"Hungary","total  -  Mystery"
"total  -  Romance  -  Hungary",96,"Hungary","total  -  Romance"
"total  -  Thriller  -  Hungary",52,"Hungary","total  -  Thriller"
"total  -  Action  -  Iceland",183,"Iceland","total  -  Action"
"total  -  Adventure  -  Iceland",120,"Iceland","total  -  Adventure"
"total  -  Animation  -  Iceland",49,"Iceland","total  -  Animation"
"total  -  Comedy  -  Iceland",185,"Iceland","total  -  Comedy"
"total  -  Crime  -  Iceland",144,"Iceland","total  -  Crime"
"total  -  Drama  -  Iceland",307,"Iceland","total  -  Drama"
"total  -  Mystery  -  Iceland",47,"Iceland","total  -  Mystery"
"total  -  Romance  -  Iceland",83,"Iceland","total  -  Romance"
"total  -  Sci Fi  -  Iceland",51,"Iceland","total  -  Sci Fi"
"total  -  Thriller  -  Iceland",54,"Iceland","total  -  Thriller"
"total  -  Action  -  India",268,"India","total  -  Action"
"total  -  Adventure  -  India",75,"India","total  -  Adventure"
"total  -  Comedy  -  India",184,"India","total  -  Comedy"
"total  -  Crime  -  India",212,"India","total  -  Crime"
"total  -  Drama  -  India",392,"India","total  -  Drama"
"total  -  Fantasy  -  India",42,"India","total  -  Fantasy"
"total  -  Horror  -  India",30,"India","total  -  Horror"
"total  -  Mystery  -  India",76,"India","total  -  Mystery"
"total  -  Romance  -  India",79,"India","total  -  Romance"
"total  -  Thriller  -  India",73,"India","total  -  Thriller"
"total  -  Action  -  Indonesia",219,"Indonesia","total  -  Action"
"total  -  Adventure  -  Indonesia",89,"Indonesia","total  -  Adventure"
"total  -  Comedy  -  Indonesia",188,"Indonesia","total  -  Comedy"
"total  -  Crime  -  Indonesia",146,"Indonesia","total  -  Crime"
"total  -  Drama  -  Indonesia",325,"Indonesia","total  -  Drama"
"total  -  Horror  -  Indonesia",42,"Indonesia","total  -  Horror"
"total  -  Mystery  -  Indonesia",72,"Indonesia","total  -  Mystery"
"total  -  Romance  -  Indonesia",101,"Indonesia","total  -  Romance"
"total  -  Sci Fi  -  Indonesia",41,"Indonesia","total  -  Sci Fi"
"total  -  Thriller  -  Indonesia",75,"Indonesia","total  -  Thriller"
"total  -  Action  -  Ireland",140,"Ireland","total  -  Action"
"total  -  Adventure  -  Ireland",126,"Ireland","total  -  Adventure"
"total  -  Animation  -  Ireland",64,"Ireland","total  -  Animation"
"total  -  Comedy  -  Ireland",212,"Ireland","total  -  Comedy"
"total  -  Crime  -  Ireland",127,"Ireland","total  -  Crime"
"total  -  Documentary  -  Ireland",44,"Ireland","total  -  Documentary"
"total  -  Drama  -  Ireland",318,"Ireland","total  -  Drama"
"total  -  Mystery  -  Ireland",35,"Ireland","total  -  Mystery"
"total  -  Romance  -  Ireland",81,"Ireland","total  -  Romance"
"total  -  Thriller  -  Ireland",43,"Ireland","total  -  Thriller"
"total  -  Action  -  Israel",186,"Israel","total  -  Action"
"total  -  Adventure  -  Israel",113,"Israel","total  -  Adventure"
"total  -  Animation  -  Israel",52,"Israel","total  -  Animation"
"total  -  Comedy  -  Israel",188,"Israel","total  -  Comedy"
"total  -  Crime  -  Israel",119,"Israel","total  -  Crime"
"total  -  Documentary  -  Israel",38,"Israel","total  -  Documentary"
"total  -  Drama  -  Israel",341,"Israel","total  -  Drama"
"total  -  Mystery  -  Israel",38,"Israel","total  -  Mystery"
"total  -  Romance  -  Israel",88,"Israel","total  -  Romance"
"total  -  Thriller  -  Israel",63,"Israel","total  -  Thriller"
"total  -  Action  -  Italy",173,"Italy","total  -  Action"
"total  -  Adventure  -  Italy",89,"Italy","total  -  Adventure"
"total  -  Comedy  -  Italy",179,"Italy","total  -  Comedy"
"total  -  Crime  -  Italy",152,"Italy","total  -  Crime"
"total  -  Drama  -  Italy",375,"Italy","total  -  Drama"
"total  -  Fantasy  -  Italy",40,"Italy","total  -  Fantasy"
"total  -  Horror  -  Italy",36,"Italy","total  -  Horror"
"total  -  Mystery  -  Italy",66,"Italy","total  -  Mystery"
"total  -  Romance  -  Italy",90,"Italy","total  -  Romance"
"total  -  Thriller  -  Italy",50,"Italy","total  -  Thriller"
"total  -  Action  -  Jamaica",219,"Jamaica","total  -  Action"
"total  -  Adventure  -  Jamaica",116,"Jamaica","total  -  Adventure"
"total  -  Animation  -  Jamaica",80,"Jamaica","total  -  Animation"
"total  -  Comedy  -  Jamaica",178,"Jamaica","total  -  Comedy"
"total  -  Crime  -  Jamaica",146,"Jamaica","total  -  Crime"
"total  -  Drama  -  Jamaica",320,"Jamaica","total  -  Drama"
"total  -  Fantasy  -  Jamaica",43,"Jamaica","total  -  Fantasy"
"total  -  Mystery  -  Jamaica",37,"Jamaica","total  -  Mystery"
"total  -  Romance  -  Jamaica",78,"Jamaica","total  -  Romance"
"total  -  Thriller  -  Jamaica",82,"Jamaica","total  -  Thriller"
"total  -  Action  -  Japan",234,"Japan","total  -  Action"
"total  -  Adventure  -  Japan",160,"Japan","total  -  Adventure"
"total  -  Animation  -  Japan",96,"Japan","total  -  Animation"
"total  -  Comedy  -  Japan",162,"Japan","total  -  Comedy"
"total  -  Crime  -  Japan",97,"Japan","total  -  Crime"
"total  -  Drama  -  Japan",276,"Japan","total  -  Drama"
"total  -  Horror  -  Japan",40,"Japan","total  -  Horror"
"total  -  Mystery  -  Japan",41,"Japan","total  -  Mystery"
"total  -  Romance  -  Japan",171,"Japan","total  -  Romance"
"total  -  Thriller  -  Japan",62,"Japan","total  -  Thriller"
"total  -  Action  -  Jordan",211,"Jordan","total  -  Action"
"total  -  Adventure  -  Jordan",98,"Jordan","total  -  Adventure"
"total  -  Animation  -  Jordan",113,"Jordan","total  -  Animation"
"total  -  Comedy  -  Jordan",244,"Jordan","total  -  Comedy"
"total  -  Crime  -  Jordan",125,"Jordan","total  -  Crime"
"total  -  Drama  -  Jordan",309,"Jordan","total  -  Drama"
"total  -  Mystery  -  Jordan",37,"Jordan","total  -  Mystery"
"total  -  Romance  -  Jordan",81,"Jordan","total  -  Romance"
"total  -  Short  -  Jordan",84,"Jordan","total  -  Short"
"total  -  Thriller  -  Jordan",57,"Jordan","total  -  Thriller"
"total  -  Action  -  Kenya",199,"Kenya","total  -  Action"
"total  -  Adventure  -  Kenya",91,"Kenya","total  -  Adventure"
"total  -  Comedy  -  Kenya",194,"Kenya","total  -  Comedy"
"total  -  Crime  -  Kenya",131,"Kenya","total  -  Crime"
"total  -  Documentary  -  Kenya",31,"Kenya","total  -  Documentary"
"total  -  Drama  -  Kenya",342,"Kenya","total  -  Drama"
"total  -  Mystery  -  Kenya",50,"Kenya","total  -  Mystery"
"total  -  Romance  -  Kenya",95,"Kenya","total  -  Romance"
"total  -  Sci Fi  -  Kenya",36,"Kenya","total  -  Sci Fi"
"total  -  Thriller  -  Kenya",69,"Kenya","total  -  Thriller"
"total  -  Action  -  Kuwait",226,"Kuwait","total  -  Action"
"total  -  Adventure  -  Kuwait",129,"Kuwait","total  -  Adventure"
"total  -  Animation  -  Kuwait",57,"Kuwait","total  -  Animation"
"total  -  Comedy  -  Kuwait",166,"Kuwait","total  -  Comedy"
"total  -  Crime  -  Kuwait",127,"Kuwait","total  -  Crime"
"total  -  Drama  -  Kuwait",340,"Kuwait","total  -  Drama"
"total  -  Fantasy  -  Kuwait",40,"Kuwait","total  -  Fantasy"
"total  -  Mystery  -  Kuwait",49,"Kuwait","total  -  Mystery"
"total  -  Romance  -  Kuwait",75,"Kuwait","total  -  Romance"
"total  -  Thriller  -  Kuwait",74,"Kuwait","total  -  Thriller"
"total  -  Action  -  Latvia",175,"Latvia","total  -  Action"
"total  -  Adventure  -  Latvia",140,"Latvia","total  -  Adventure"
"total  -  Animation  -  Latvia",84,"Latvia","total  -  Animation"
"total  -  Comedy  -  Latvia",231,"Latvia","total  -  Comedy"
"total  -  Crime  -  Latvia",130,"Latvia","total  -  Crime"
"total  -  Drama  -  Latvia",292,"Latvia","total  -  Drama"
"total  -  Mystery  -  Latvia",59,"Latvia","total  -  Mystery"
"total  -  Romance  -  Latvia",84,"Latvia","total  -  Romance"
"total  -  Sci Fi  -  Latvia",57,"Latvia","total  -  Sci Fi"
"total  -  Thriller  -  Latvia",46,"Latvia","total  -  Thriller"
"total  -  Action  -  Lebanon",205,"Lebanon","total  -  Action"
"total  -  Adventure  -  Lebanon",106,"Lebanon","total  -  Adventure"
"total  -  Animation  -  Lebanon",30,"Lebanon","total  -  Animation"
"total  -  Comedy  -  Lebanon",193,"Lebanon","total  -  Comedy"
"total  -  Crime  -  Lebanon",138,"Lebanon","total  -  Crime"
"total  -  Drama  -  Lebanon",386,"Lebanon","total  -  Drama"
"total  -  Fantasy  -  Lebanon",46,"Lebanon","total  -  Fantasy"
"total  -  Mystery  -  Lebanon",35,"Lebanon","total  -  Mystery"
"total  -  Romance  -  Lebanon",110,"Lebanon","total  -  Romance"
"total  -  Thriller  -  Lebanon",65,"Lebanon","total  -  Thriller"
"total  -  Action  -  Lithuania",150,"Lithuania","total  -  Action"
"total  -  Adventure  -  Lithuania",98,"Lithuania","total  -  Adventure"
"total  -  Animation  -  Lithuania",57,"Lithuania","total  -  Animation"
"total  -  Comedy  -  Lithuania",209,"Lithuania","total  -  Comedy"
"total  -  Crime  -  Lithuania",135,"Lithuania","total  -  Crime"
"total  -  Drama  -  Lithuania",289,"Lithuania","total  -  Drama"
"total  -  Mystery  -  Lithuania",46,"Lithuania","total  -  Mystery"
"total  -  Romance  -  Lithuania",89,"Lithuania","total  -  Romance"
"total  -  Sci Fi  -  Lithuania",39,"Lithuania","total  -  Sci Fi"
"total  -  Thriller  -  Lithuania",51,"Lithuania","total  -  Thriller"
"total  -  Action  -  Luxembourg",178,"Luxembourg","total  -  Action"
"total  -  Adventure  -  Luxembourg",126,"Luxembourg","total  -  Adventure"
"total  -  Animation  -  Luxembourg",48,"Luxembourg","total  -  Animation"
"total  -  Comedy  -  Luxembourg",179,"Luxembourg","total  -  Comedy"
"total  -  Crime  -  Luxembourg",146,"Luxembourg","total  -  Crime"
"total  -  Drama  -  Luxembourg",356,"Luxembourg","total  -  Drama"
"total  -  Fantasy  -  Luxembourg",45,"Luxembourg","total  -  Fantasy"
"total  -  Mystery  -  Luxembourg",48,"Luxembourg","total  -  Mystery"
"total  -  Romance  -  Luxembourg",94,"Luxembourg","total  -  Romance"
"total  -  Thriller  -  Luxembourg",53,"Luxembourg","total  -  Thriller"
"total  -  Action  -  Malaysia",241,"Malaysia","total  -  Action"
"total  -  Adventure  -  Malaysia",114,"Malaysia","total  -  Adventure"
"total  -  Animation  -  Malaysia",38,"Malaysia","total  -  Animation"
"total  -  Comedy  -  Malaysia",206,"Malaysia","total  -  Comedy"
"total  -  Crime  -  Malaysia",144,"Malaysia","total  -  Crime"
"total  -  Drama  -  Malaysia",307,"Malaysia","total  -  Drama"
"total  -  Fantasy  -  Malaysia",38,"Malaysia","total  -  Fantasy"
"total  -  Mystery  -  Malaysia",69,"Malaysia","total  -  Mystery"
"total  -  Romance  -  Malaysia",98,"Malaysia","total  -  Romance"
"total  -  Thriller  -  Malaysia",70,"Malaysia","total  -  Thriller"
"total  -  Action  -  Maldives",204,"Maldives","total  -  Action"
"total  -  Adventure  -  Maldives",100,"Maldives","total  -  Adventure"
"total  -  Animation  -  Maldives",41,"Maldives","total  -  Animation"
"total  -  Comedy  -  Maldives",188,"Maldives","total  -  Comedy"
"total  -  Crime  -  Maldives",159,"Maldives","total  -  Crime"
"total  -  Drama  -  Maldives",336,"Maldives","total  -  Drama"
"total  -  Mystery  -  Maldives",72,"Maldives","total  -  Mystery"
"total  -  Romance  -  Maldives",94,"Maldives","total  -  Romance"
"total  -  Sci Fi  -  Maldives",32,"Maldives","total  -  Sci Fi"
"total  -  Thriller  -  Maldives",67,"Maldives","total  -  Thriller"
"total  -  Action  -  Malta",170,"Malta","total  -  Action"
"total  -  Adventure  -  Malta",85,"Malta","total  -  Adventure"
"total  -  Comedy  -  Malta",163,"Malta","total  -  Comedy"
"total  -  Crime  -  Malta",145,"Malta","total  -  Crime"
"total  -  Documentary  -  Malta",38,"Malta","total  -  Documentary"
"total  -  Drama  -  Malta",358,"Malta","total  -  Drama"
"total  -  Mystery  -  Malta",55,"Malta","total  -  Mystery"
"total  -  Romance  -  Malta",101,"Malta","total  -  Romance"
"total  -  Sci Fi  -  Malta",37,"Malta","total  -  Sci Fi"
"total  -  Thriller  -  Malta",61,"Malta","total  -  Thriller"
"total  -  Action  -  Martinique",221,"Martinique","total  -  Action"
"total  -  Adventure  -  Martinique",109,"Martinique","total  -  Adventure"
"total  -  Animation  -  Martinique",43,"Martinique","total  -  Animation"
"total  -  Comedy  -  Martinique",170,"Martinique","total  -  Comedy"
"total  -  Crime  -  Martinique",158,"Martinique","total  -  Crime"
"total  -  Drama  -  Martinique",360,"Martinique","total  -  Drama"
"total  -  Mystery  -  Martinique",43,"Martinique","total  -  Mystery"
"total  -  Romance  -  Martinique",81,"Martinique","total  -  Romance"
"total  -  Sci Fi  -  Martinique",41,"Martinique","total  -  Sci Fi"
"total  -  Thriller  -  Martinique",68,"Martinique","total  -  Thriller"
"total  -  Action  -  Mauritius",211,"Mauritius","total  -  Action"
"total  -  Adventure  -  Mauritius",103,"Mauritius","total  -  Adventure"
"total  -  Comedy  -  Mauritius",200,"Mauritius","total  -  Comedy"
"total  -  Crime  -  Mauritius",148,"Mauritius","total  -  Crime"
"total  -  Drama  -  Mauritius",344,"Mauritius","total  -  Drama"
"total  -  Fantasy  -  Mauritius",42,"Mauritius","total  -  Fantasy"
"total  -  Mystery  -  Mauritius",60,"Mauritius","total  -  Mystery"
"total  -  Romance  -  Mauritius",94,"Mauritius","total  -  Romance"
"total  -  Sci Fi  -  Mauritius",38,"Mauritius","total  -  Sci Fi"
"total  -  Thriller  -  Mauritius",59,"Mauritius","total  -  Thriller"
"total  -  Action  -  Mexico",127,"Mexico","total  -  Action"
"total  -  Adventure  -  Mexico",126,"Mexico","total  -  Adventure"
"total  -  Animation  -  Mexico",84,"Mexico","total  -  Animation"
"total  -  Comedy  -  Mexico",217,"Mexico","total  -  Comedy"
"total  -  Crime  -  Mexico",103,"Mexico","total  -  Crime"
"total  -  Drama  -  Mexico",341,"Mexico","total  -  Drama"
"total  -  Horror  -  Mexico",33,"Mexico","total  -  Horror"
"total  -  Mystery  -  Mexico",44,"Mexico","total  -  Mystery"
"total  -  Romance  -  Mexico",109,"Mexico","total  -  Romance"
"total  -  Thriller  -  Mexico",58,"Mexico","total  -  Thriller"
"total  -  Action  -  Morocco",256,"Morocco","total  -  Action"
"total  -  Adventure  -  Morocco",98,"Morocco","total  -  Adventure"
"total  -  Animation  -  Morocco",32,"Morocco","total  -  Animation"
"total  -  Comedy  -  Morocco",175,"Morocco","total  -  Comedy"
"total  -  Crime  -  Morocco",191,"Morocco","total  -  Crime"
"total  -  Documentary  -  Morocco",27,"Morocco","total  -  Documentary"
"total  -  Drama  -  Morocco",384,"Morocco","total  -  Drama"
"total  -  Mystery  -  Morocco",54,"Morocco","total  -  Mystery"
"total  -  Romance  -  Morocco",76,"Morocco","total  -  Romance"
"total  -  Thriller  -  Morocco",78,"Morocco","total  -  Thriller"
"total  -  Action  -  Netherlands",161,"Netherlands","total  -  Action"
"total  -  Adventure  -  Netherlands",120,"Netherlands","total  -  Adventure"
"total  -  Animation  -  Netherlands",52,"Netherlands","total  -  Animation"
"total  -  Comedy  -  Netherlands",158,"Netherlands","total  -  Comedy"
"total  -  Crime  -  Netherlands",152,"Netherlands","total  -  Crime"
"total  -  Drama  -  Netherlands",359,"Netherlands","total  -  Drama"
"total  -  Fantasy  -  Netherlands",37,"Netherlands","total  -  Fantasy"
"total  -  Mystery  -  Netherlands",53,"Netherlands","total  -  Mystery"
"total  -  Romance  -  Netherlands",86,"Netherlands","total  -  Romance"
"total  -  Thriller  -  Netherlands",59,"Netherlands","total  -  Thriller"
"total  -  Action  -  New Caledonia",265,"New Caledonia","total  -  Action"
"total  -  Adventure  -  New Caledonia",137,"New Caledonia","total  -  Adventure"
"total  -  Animation  -  New Caledonia",59,"New Caledonia","total  -  Animation"
"total  -  Comedy  -  New Caledonia",144,"New Caledonia","total  -  Comedy"
"total  -  Crime  -  New Caledonia",155,"New Caledonia","total  -  Crime"
"total  -  Drama  -  New Caledonia",347,"New Caledonia","total  -  Drama"
"total  -  Fantasy  -  New Caledonia",52,"New Caledonia","total  -  Fantasy"
"total  -  Romance  -  New Caledonia",57,"New Caledonia","total  -  Romance"
"total  -  Sci Fi  -  New Caledonia",47,"New Caledonia","total  -  Sci Fi"
"total  -  Thriller  -  New Caledonia",67,"New Caledonia","total  -  Thriller"
"total  -  Action  -  New Zealand",198,"New Zealand","total  -  Action"
"total  -  Adventure  -  New Zealand",119,"New Zealand","total  -  Adventure"
"total  -  Animation  -  New Zealand",69,"New Zealand","total  -  Animation"
"total  -  Comedy  -  New Zealand",173,"New Zealand","total  -  Comedy"
"total  -  Crime  -  New Zealand",142,"New Zealand","total  -  Crime"
"total  -  Documentary  -  New Zealand",43,"New Zealand","total  -  Documentary"
"total  -  Drama  -  New Zealand",318,"New Zealand","total  -  Drama"
"total  -  Mystery  -  New Zealand",45,"New Zealand","total  -  Mystery"
"total  -  Romance  -  New Zealand",58,"New Zealand","total  -  Romance"
"total  -  Thriller  -  New Zealand",53,"New Zealand","total  -  Thriller"
"total  -  Action  -  Nicaragua",137,"Nicaragua","total  -  Action"
"total  -  Adventure  -  Nicaragua",81,"Nicaragua","total  -  Adventure"
"total  -  Animation  -  Nicaragua",41,"Nicaragua","total  -  Animation"
"total  -  Comedy  -  Nicaragua",193,"Nicaragua","total  -  Comedy"
"total  -  Crime  -  Nicaragua",101,"Nicaragua","total  -  Crime"
"total  -  Drama  -  Nicaragua",322,"Nicaragua","total  -  Drama"
"total  -  Music  -  Nicaragua",32,"Nicaragua","total  -  Music"
"total  -  Mystery  -  Nicaragua",44,"Nicaragua","total  -  Mystery"
"total  -  Romance  -  Nicaragua",121,"Nicaragua","total  -  Romance"
"total  -  Thriller  -  Nicaragua",67,"Nicaragua","total  -  Thriller"
"total  -  Action  -  Nigeria",191,"Nigeria","total  -  Action"
"total  -  Adventure  -  Nigeria",76,"Nigeria","total  -  Adventure"
"total  -  Comedy  -  Nigeria",146,"Nigeria","total  -  Comedy"
"total  -  Crime  -  Nigeria",141,"Nigeria","total  -  Crime"
"total  -  Drama  -  Nigeria",355,"Nigeria","total  -  Drama"
"total  -  Fantasy  -  Nigeria",32,"Nigeria","total  -  Fantasy"
"total  -  Mystery  -  Nigeria",64,"Nigeria","total  -  Mystery"
"total  -  Romance  -  Nigeria",117,"Nigeria","total  -  Romance"
"total  -  Sci Fi  -  Nigeria",41,"Nigeria","total  -  Sci Fi"
"total  -  Thriller  -  Nigeria",56,"Nigeria","total  -  Thriller"
"total  -  Action  -  Norway",185,"Norway","total  -  Action"
"total  -  Adventure  -  Norway",119,"Norway","total  -  Adventure"
"total  -  Animation  -  Norway",47,"Norway","total  -  Animation"
"total  -  Comedy  -  Norway",178,"Norway","total  -  Comedy"
"total  -  Crime  -  Norway",147,"Norway","total  -  Crime"
"total  -  Documentary  -  Norway",37,"Norway","total  -  Documentary"
"total  -  Drama  -  Norway",368,"Norway","total  -  Drama"
"total  -  Mystery  -  Norway",48,"Norway","total  -  Mystery"
"total  -  Romance  -  Norway",93,"Norway","total  -  Romance"
"total  -  Thriller  -  Norway",47,"Norway","total  -  Thriller"
"total  -  Action  -  Oman",204,"Oman","total  -  Action"
"total  -  Adventure  -  Oman",101,"Oman","total  -  Adventure"
"total  -  Comedy  -  Oman",125,"Oman","total  -  Comedy"
"total  -  Crime  -  Oman",122,"Oman","total  -  Crime"
"total  -  Drama  -  Oman",294,"Oman","total  -  Drama"
"total  -  Fantasy  -  Oman",34,"Oman","total  -  Fantasy"
"total  -  Horror  -  Oman",34,"Oman","total  -  Horror"
"total  -  Mystery  -  Oman",43,"Oman","total  -  Mystery"
"total  -  Romance  -  Oman",59,"Oman","total  -  Romance"
"total  -  Thriller  -  Oman",69,"Oman","total  -  Thriller"
"total  -  Action  -  Pakistan",306,"Pakistan","total  -  Action"
"total  -  Adventure  -  Pakistan",97,"Pakistan","total  -  Adventure"
"total  -  Comedy  -  Pakistan",149,"Pakistan","total  -  Comedy"
"total  -  Crime  -  Pakistan",229,"Pakistan","total  -  Crime"
"total  -  Drama  -  Pakistan",395,"Pakistan","total  -  Drama"
"total  -  Horror  -  Pakistan",38,"Pakistan","total  -  Horror"
"total  -  Mystery  -  Pakistan",90,"Pakistan","total  -  Mystery"
"total  -  Romance  -  Pakistan",55,"Pakistan","total  -  Romance"
"total  -  Sci Fi  -  Pakistan",45,"Pakistan","total  -  Sci Fi"
"total  -  Thriller  -  Pakistan",86,"Pakistan","total  -  Thriller"
"total  -  Action  -  Panama",148,"Panama","total  -  Action"
"total  -  Adventure  -  Panama",104,"Panama","total  -  Adventure"
"total  -  Animation  -  Panama",60,"Panama","total  -  Animation"
"total  -  Comedy  -  Panama",194,"Panama","total  -  Comedy"
"total  -  Crime  -  Panama",118,"Panama","total  -  Crime"
"total  -  Drama  -  Panama",336,"Panama","total  -  Drama"
"total  -  Horror  -  Panama",31,"Panama","total  -  Horror"
"total  -  Mystery  -  Panama",39,"Panama","total  -  Mystery"
"total  -  Romance  -  Panama",122,"Panama","total  -  Romance"
"total  -  Thriller  -  Panama",68,"Panama","total  -  Thriller"
"total  -  Action  -  Paraguay",140,"Paraguay","total  -  Action"
"total  -  Adventure  -  Paraguay",99,"Paraguay","total  -  Adventure"
"total  -  Animation  -  Paraguay",52,"Paraguay","total  -  Animation"
"total  -  Comedy  -  Paraguay",202,"Paraguay","total  -  Comedy"
"total  -  Crime  -  Paraguay",114,"Paraguay","total  -  Crime"
"total  -  Drama  -  Paraguay",344,"Paraguay","total  -  Drama"
"total  -  Music  -  Paraguay",33,"Paraguay","total  -  Music"
"total  -  Mystery  -  Paraguay",50,"Paraguay","total  -  Mystery"
"total  -  Romance  -  Paraguay",119,"Paraguay","total  -  Romance"
"total  -  Thriller  -  Paraguay",69,"Paraguay","total  -  Thriller"
"total  -  Action  -  Peru",159,"Peru","total  -  Action"
"total  -  Adventure  -  Peru",114,"Peru","total  -  Adventure"
"total  -  Animation  -  Peru",62,"Peru","total  -  Animation"
"total  -  Comedy  -  Peru",189,"Peru","total  -  Comedy"
"total  -  Crime  -  Peru",103,"Peru","total  -  Crime"
"total  -  Drama  -  Peru",313,"Peru","total  -  Drama"
"total  -  Horror  -  Peru",32,"Peru","total  -  Horror"
"total  -  Mystery  -  Peru",44,"Peru","total  -  Mystery"
"total  -  Romance  -  Peru",108,"Peru","total  -  Romance"
"total  -  Thriller  -  Peru",62,"Peru","total  -  Thriller"
"total  -  Action  -  Philippines",197,"Philippines","total  -  Action"
"total  -  Adventure  -  Philippines",98,"Philippines","total  -  Adventure"
"total  -  Comedy  -  Philippines",165,"Philippines","total  -  Comedy"
"total  -  Crime  -  Philippines",109,"Philippines","total  -  Crime"
"total  -  Drama  -  Philippines",339,"Philippines","total  -  Drama"
"total  -  Fantasy  -  Philippines",39,"Philippines","total  -  Fantasy"
"total  -  Mystery  -  Philippines",58,"Philippines","total  -  Mystery"
"total  -  Romance  -  Philippines",105,"Philippines","total  -  Romance"
"total  -  Sci Fi  -  Philippines",47,"Philippines","total  -  Sci Fi"
"total  -  Thriller  -  Philippines",69,"Philippines","total  -  Thriller"
"total  -  Action  -  Poland",152,"Poland","total  -  Action"
"total  -  Adventure  -  Poland",170,"Poland","total  -  Adventure"
"total  -  Animation  -  Poland",102,"Poland","total  -  Animation"
"total  -  Comedy  -  Poland",212,"Poland","total  -  Comedy"
"total  -  Crime  -  Poland",150,"Poland","total  -  Crime"
"total  -  Drama  -  Poland",325,"Poland","total  -  Drama"
"total  -  Fantasy  -  Poland",37,"Poland","total  -  Fantasy"
"total  -  Horror  -  Poland",37,"Poland","total  -  Horror"
"total  -  Mystery  -  Poland",51,"Poland","total  -  Mystery"
"total  -  Romance  -  Poland",75,"Poland","total  -  Romance"
"total  -  Thriller  -  Poland",74,"Poland","total  -  Thriller"
"total  -  Action  -  Portugal",168,"Portugal","total  -  Action"
"total  -  Adventure  -  Portugal",109,"Portugal","total  -  Adventure"
"total  -  Comedy  -  Portugal",171,"Portugal","total  -  Comedy"
"total  -  Crime  -  Portugal",116,"Portugal","total  -  Crime"
"total  -  Drama  -  Portugal",330,"Portugal","total  -  Drama"
"total  -  Family  -  Portugal",42,"Portugal","total  -  Family"
"total  -  Music  -  Portugal",53,"Portugal","total  -  Music"
"total  -  Mystery  -  Portugal",36,"Portugal","total  -  Mystery"
"total  -  Romance  -  Portugal",91,"Portugal","total  -  Romance"
"total  -  Thriller  -  Portugal",57,"Portugal","total  -  Thriller"
"total  -  Action  -  Qatar",218,"Qatar","total  -  Action"
"total  -  Adventure  -  Qatar",121,"Qatar","total  -  Adventure"
"total  -  Comedy  -  Qatar",159,"Qatar","total  -  Comedy"
"total  -  Crime  -  Qatar",132,"Qatar","total  -  Crime"
"total  -  Drama  -  Qatar",356,"Qatar","total  -  Drama"
"total  -  Fantasy  -  Qatar",41,"Qatar","total  -  Fantasy"
"total  -  Horror  -  Qatar",30,"Qatar","total  -  Horror"
"total  -  Mystery  -  Qatar",45,"Qatar","total  -  Mystery"
"total  -  Romance  -  Qatar",104,"Qatar","total  -  Romance"
"total  -  Thriller  -  Qatar",69,"Qatar","total  -  Thriller"
"total  -  Action  -  Réunion",212,"Réunion","total  -  Action"
"total  -  Adventure  -  Réunion",127,"Réunion","total  -  Adventure"
"total  -  Animation  -  Réunion",55,"Réunion","total  -  Animation"
"total  -  Comedy  -  Réunion",175,"Réunion","total  -  Comedy"
"total  -  Crime  -  Réunion",136,"Réunion","total  -  Crime"
"total  -  Drama  -  Réunion",342,"Réunion","total  -  Drama"
"total  -  Fantasy  -  Réunion",51,"Réunion","total  -  Fantasy"
"total  -  Romance  -  Réunion",76,"Réunion","total  -  Romance"
"total  -  Sci Fi  -  Réunion",46,"Réunion","total  -  Sci Fi"
"total  -  Thriller  -  Réunion",62,"Réunion","total  -  Thriller"
"total  -  Action  -  Romania",172,"Romania","total  -  Action"
"total  -  Adventure  -  Romania",103,"Romania","total  -  Adventure"
"total  -  Comedy  -  Romania",168,"Romania","total  -  Comedy"
"total  -  Crime  -  Romania",150,"Romania","total  -  Crime"
"total  -  Documentary  -  Romania",35,"Romania","total  -  Documentary"
"total  -  Drama  -  Romania",369,"Romania","total  -  Drama"
"total  -  Fantasy  -  Romania",40,"Romania","total  -  Fantasy"
"total  -  Mystery  -  Romania",68,"Romania","total  -  Mystery"
"total  -  Romance  -  Romania",97,"Romania","total  -  Romance"
"total  -  Thriller  -  Romania",73,"Romania","total  -  Thriller"
"total  -  Action  -  Russia",272,"Russia","total  -  Action"
"total  -  Adventure  -  Russia",125,"Russia","total  -  Adventure"
"total  -  Animation  -  Russia",53,"Russia","total  -  Animation"
"total  -  Comedy  -  Russia",170,"Russia","total  -  Comedy"
"total  -  Crime  -  Russia",215,"Russia","total  -  Crime"
"total  -  Documentary  -  Russia",34,"Russia","total  -  Documentary"
"total  -  Drama  -  Russia",356,"Russia","total  -  Drama"
"total  -  Mystery  -  Russia",49,"Russia","total  -  Mystery"
"total  -  Romance  -  Russia",56,"Russia","total  -  Romance"
"total  -  Thriller  -  Russia",63,"Russia","total  -  Thriller"
"total  -  Action  -  Saudi Arabia",244,"Saudi Arabia","total  -  Action"
"total  -  Adventure  -  Saudi Arabia",103,"Saudi Arabia","total  -  Adventure"
"total  -  Animation  -  Saudi Arabia",41,"Saudi Arabia","total  -  Animation"
"total  -  Comedy  -  Saudi Arabia",152,"Saudi Arabia","total  -  Comedy"
"total  -  Crime  -  Saudi Arabia",158,"Saudi Arabia","total  -  Crime"
"total  -  Drama  -  Saudi Arabia",358,"Saudi Arabia","total  -  Drama"
"total  -  Horror  -  Saudi Arabia",40,"Saudi Arabia","total  -  Horror"
"total  -  Mystery  -  Saudi Arabia",47,"Saudi Arabia","total  -  Mystery"
"total  -  Romance  -  Saudi Arabia",78,"Saudi Arabia","total  -  Romance"
"total  -  Thriller  -  Saudi Arabia",77,"Saudi Arabia","total  -  Thriller"
"total  -  Action  -  Serbia",206,"Serbia","total  -  Action"
"total  -  Adventure  -  Serbia",113,"Serbia","total  -  Adventure"
"total  -  Animation  -  Serbia",36,"Serbia","total  -  Animation"
"total  -  Comedy  -  Serbia",192,"Serbia","total  -  Comedy"
"total  -  Crime  -  Serbia",158,"Serbia","total  -  Crime"
"total  -  Documentary  -  Serbia",34,"Serbia","total  -  Documentary"
"total  -  Drama  -  Serbia",335,"Serbia","total  -  Drama"
"total  -  Mystery  -  Serbia",45,"Serbia","total  -  Mystery"
"total  -  Romance  -  Serbia",93,"Serbia","total  -  Romance"
"total  -  Thriller  -  Serbia",75,"Serbia","total  -  Thriller"
"total  -  Action  -  Singapore",217,"Singapore","total  -  Action"
"total  -  Adventure  -  Singapore",99,"Singapore","total  -  Adventure"
"total  -  Comedy  -  Singapore",169,"Singapore","total  -  Comedy"
"total  -  Crime  -  Singapore",128,"Singapore","total  -  Crime"
"total  -  Drama  -  Singapore",333,"Singapore","total  -  Drama"
"total  -  Horror  -  Singapore",31,"Singapore","total  -  Horror"
"total  -  Mystery  -  Singapore",71,"Singapore","total  -  Mystery"
"total  -  Romance  -  Singapore",88,"Singapore","total  -  Romance"
"total  -  Sci Fi  -  Singapore",49,"Singapore","total  -  Sci Fi"
"total  -  Thriller  -  Singapore",72,"Singapore","total  -  Thriller"
"total  -  Action  -  Slovakia",193,"Slovakia","total  -  Action"
"total  -  Adventure  -  Slovakia",138,"Slovakia","total  -  Adventure"
"total  -  Animation  -  Slovakia",69,"Slovakia","total  -  Animation"
"total  -  Comedy  -  Slovakia",192,"Slovakia","total  -  Comedy"
"total  -  Crime  -  Slovakia",144,"Slovakia","total  -  Crime"
"total  -  Documentary  -  Slovakia",52,"Slovakia","total  -  Documentary"
"total  -  Drama  -  Slovakia",319,"Slovakia","total  -  Drama"
"total  -  Mystery  -  Slovakia",44,"Slovakia","total  -  Mystery"
"total  -  Romance  -  Slovakia",74,"Slovakia","total  -  Romance"
"total  -  Thriller  -  Slovakia",49,"Slovakia","total  -  Thriller"
"total  -  Action  -  Slovenia",187,"Slovenia","total  -  Action"
"total  -  Adventure  -  Slovenia",119,"Slovenia","total  -  Adventure"
"total  -  Animation  -  Slovenia",40,"Slovenia","total  -  Animation"
"total  -  Comedy  -  Slovenia",196,"Slovenia","total  -  Comedy"
"total  -  Crime  -  Slovenia",124,"Slovenia","total  -  Crime"
"total  -  Documentary  -  Slovenia",41,"Slovenia","total  -  Documentary"
"total  -  Drama  -  Slovenia",278,"Slovenia","total  -  Drama"
"total  -  Mystery  -  Slovenia",38,"Slovenia","total  -  Mystery"
"total  -  Romance  -  Slovenia",76,"Slovenia","total  -  Romance"
"total  -  Thriller  -  Slovenia",54,"Slovenia","total  -  Thriller"
"total  -  Action  -  South Africa",185,"South Africa","total  -  Action"
"total  -  Adventure  -  South Africa",101,"South Africa","total  -  Adventure"
"total  -  Animation  -  South Africa",46,"South Africa","total  -  Animation"
"total  -  Comedy  -  South Africa",199,"South Africa","total  -  Comedy"
"total  -  Crime  -  South Africa",109,"South Africa","total  -  Crime"
"total  -  Drama  -  South Africa",351,"South Africa","total  -  Drama"
"total  -  Mystery  -  South Africa",57,"South Africa","total  -  Mystery"
"total  -  Romance  -  South Africa",109,"South Africa","total  -  Romance"
"total  -  Sci Fi  -  South Africa",51,"South Africa","total  -  Sci Fi"
"total  -  Thriller  -  South Africa",50,"South Africa","total  -  Thriller"
"total  -  Action  -  South Korea",191,"South Korea","total  -  Action"
"total  -  Adventure  -  South Korea",73,"South Korea","total  -  Adventure"
"total  -  Comedy  -  South Korea",159,"South Korea","total  -  Comedy"
"total  -  Crime  -  South Korea",88,"South Korea","total  -  Crime"
"total  -  Drama  -  South Korea",324,"South Korea","total  -  Drama"
"total  -  Fantasy  -  South Korea",41,"South Korea","total  -  Fantasy"
"total  -  Mystery  -  South Korea",41,"South Korea","total  -  Mystery"
"total  -  Romance  -  South Korea",106,"South Korea","total  -  Romance"
"total  -  Sci Fi  -  South Korea",34,"South Korea","total  -  Sci Fi"
"total  -  Thriller  -  South Korea",81,"South Korea","total  -  Thriller"
"total  -  Action  -  Spain",174,"Spain","total  -  Action"
"total  -  Adventure  -  Spain",112,"Spain","total  -  Adventure"
"total  -  Comedy  -  Spain",176,"Spain","total  -  Comedy"
"total  -  Crime  -  Spain",145,"Spain","total  -  Crime"
"total  -  Drama  -  Spain",332,"Spain","total  -  Drama"
"total  -  Fantasy  -  Spain",33,"Spain","total  -  Fantasy"
"total  -  Horror  -  Spain",33,"Spain","total  -  Horror"
"total  -  Mystery  -  Spain",49,"Spain","total  -  Mystery"
"total  -  Romance  -  Spain",107,"Spain","total  -  Romance"
"total  -  Thriller  -  Spain",56,"Spain","total  -  Thriller"
"total  -  Action  -  Sri Lanka",192,"Sri Lanka","total  -  Action"
"total  -  Adventure  -  Sri Lanka",75,"Sri Lanka","total  -  Adventure"
"total  -  Comedy  -  Sri Lanka",188,"Sri Lanka","total  -  Comedy"
"total  -  Crime  -  Sri Lanka",148,"Sri Lanka","total  -  Crime"
"total  -  Drama  -  Sri Lanka",380,"Sri Lanka","total  -  Drama"
"total  -  Fantasy  -  Sri Lanka",30,"Sri Lanka","total  -  Fantasy"
"total  -  Mystery  -  Sri Lanka",76,"Sri Lanka","total  -  Mystery"
"total  -  Romance  -  Sri Lanka",104,"Sri Lanka","total  -  Romance"
"total  -  Sci Fi  -  Sri Lanka",38,"Sri Lanka","total  -  Sci Fi"
"total  -  Thriller  -  Sri Lanka",62,"Sri Lanka","total  -  Thriller"
"total  -  Action  -  Sweden",189,"Sweden","total  -  Action"
"total  -  Adventure  -  Sweden",125,"Sweden","total  -  Adventure"
"total  -  Animation  -  Sweden",51,"Sweden","total  -  Animation"
"total  -  Comedy  -  Sweden",163,"Sweden","total  -  Comedy"
"total  -  Crime  -  Sweden",143,"Sweden","total  -  Crime"
"total  -  Drama  -  Sweden",353,"Sweden","total  -  Drama"
"total  -  Fantasy  -  Sweden",41,"Sweden","total  -  Fantasy"
"total  -  Mystery  -  Sweden",53,"Sweden","total  -  Mystery"
"total  -  Romance  -  Sweden",78,"Sweden","total  -  Romance"
"total  -  Thriller  -  Sweden",52,"Sweden","total  -  Thriller"
"total  -  Action  -  Switzerland",193,"Switzerland","total  -  Action"
"total  -  Adventure  -  Switzerland",123,"Switzerland","total  -  Adventure"
"total  -  Comedy  -  Switzerland",183,"Switzerland","total  -  Comedy"
"total  -  Crime  -  Switzerland",168,"Switzerland","total  -  Crime"
"total  -  Drama  -  Switzerland",352,"Switzerland","total  -  Drama"
"total  -  Fantasy  -  Switzerland",53,"Switzerland","total  -  Fantasy"
"total  -  Mystery  -  Switzerland",57,"Switzerland","total  -  Mystery"
"total  -  Romance  -  Switzerland",89,"Switzerland","total  -  Romance"
"total  -  Sci Fi  -  Switzerland",36,"Switzerland","total  -  Sci Fi"
"total  -  Thriller  -  Switzerland",57,"Switzerland","total  -  Thriller"
"total  -  Action  -  Taiwan",204,"Taiwan","total  -  Action"
"total  -  Adventure  -  Taiwan",101,"Taiwan","total  -  Adventure"
"total  -  Comedy  -  Taiwan",165,"Taiwan","total  -  Comedy"
"total  -  Crime  -  Taiwan",106,"Taiwan","total  -  Crime"
"total  -  Drama  -  Taiwan",364,"Taiwan","total  -  Drama"
"total  -  Fantasy  -  Taiwan",35,"Taiwan","total  -  Fantasy"
"total  -  Mystery  -  Taiwan",77,"Taiwan","total  -  Mystery"
"total  -  Romance  -  Taiwan",151,"Taiwan","total  -  Romance"
"total  -  Sci Fi  -  Taiwan",46,"Taiwan","total  -  Sci Fi"
"total  -  Thriller  -  Taiwan",57,"Taiwan","total  -  Thriller"
"total  -  Action  -  Thailand",244,"Thailand","total  -  Action"
"total  -  Adventure  -  Thailand",145,"Thailand","total  -  Adventure"
"total  -  Comedy  -  Thailand",222,"Thailand","total  -  Comedy"
"total  -  Crime  -  Thailand",112,"Thailand","total  -  Crime"
"total  -  Drama  -  Thailand",269,"Thailand","total  -  Drama"
"total  -  Fantasy  -  Thailand",44,"Thailand","total  -  Fantasy"
"total  -  Mystery  -  Thailand",58,"Thailand","total  -  Mystery"
"total  -  Romance  -  Thailand",131,"Thailand","total  -  Romance"
"total  -  Sci Fi  -  Thailand",47,"Thailand","total  -  Sci Fi"
"total  -  Thriller  -  Thailand",77,"Thailand","total  -  Thriller"
"total  -  Action  -  Trinidad and Tobago",197,"Trinidad and Tobago","total  -  Action"
"total  -  Adventure  -  Trinidad and Tobago",108,"Trinidad and Tobago","total  -  Adventure"
"total  -  Animation  -  Trinidad and Tobago",56,"Trinidad and Tobago","total  -  Animation"
"total  -  Comedy  -  Trinidad and Tobago",162,"Trinidad and Tobago","total  -  Comedy"
"total  -  Crime  -  Trinidad and Tobago",145,"Trinidad and Tobago","total  -  Crime"
"total  -  Drama  -  Trinidad and Tobago",331,"Trinidad and Tobago","total  -  Drama"
"total  -  Fantasy  -  Trinidad and Tobago",35,"Trinidad and Tobago","total  -  Fantasy"
"total  -  Mystery  -  Trinidad and Tobago",41,"Trinidad and Tobago","total  -  Mystery"
"total  -  Romance  -  Trinidad and Tobago",90,"Trinidad and Tobago","total  -  Romance"
"total  -  Thriller  -  Trinidad and Tobago",82,"Trinidad and Tobago","total  -  Thriller"
"total  -  Action  -  Turkey",214,"Turkey","total  -  Action"
"total  -  Adventure  -  Turkey",115,"Turkey","total  -  Adventure"
"total  -  Comedy  -  Turkey",161,"Turkey","total  -  Comedy"
"total  -  Crime  -  Turkey",151,"Turkey","total  -  Crime"
"total  -  Drama  -  Turkey",366,"Turkey","total  -  Drama"
"total  -  Fantasy  -  Turkey",57,"Turkey","total  -  Fantasy"
"total  -  Horror  -  Turkey",44,"Turkey","total  -  Horror"
"total  -  Mystery  -  Turkey",49,"Turkey","total  -  Mystery"
"total  -  Romance  -  Turkey",80,"Turkey","total  -  Romance"
"total  -  Thriller  -  Turkey",84,"Turkey","total  -  Thriller"
"total  -  Action  -  Ukraine",227,"Ukraine","total  -  Action"
"total  -  Adventure  -  Ukraine",135,"Ukraine","total  -  Adventure"
"total  -  Animation  -  Ukraine",61,"Ukraine","total  -  Animation"
"total  -  Comedy  -  Ukraine",184,"Ukraine","total  -  Comedy"
"total  -  Crime  -  Ukraine",179,"Ukraine","total  -  Crime"
"total  -  Documentary  -  Ukraine",37,"Ukraine","total  -  Documentary"
"total  -  Drama  -  Ukraine",342,"Ukraine","total  -  Drama"
"total  -  Mystery  -  Ukraine",45,"Ukraine","total  -  Mystery"
"total  -  Romance  -  Ukraine",67,"Ukraine","total  -  Romance"
"total  -  Thriller  -  Ukraine",62,"Ukraine","total  -  Thriller"
"total  -  Action  -  United Arab Emirates",214,"United Arab Emirates","total  -  Action"
"total  -  Adventure  -  United Arab Emirates",120,"United Arab Emirates","total  -  Adventure"
"total  -  Animation  -  United Arab Emirates",35,"United Arab Emirates","total  -  Animation"
"total  -  Comedy  -  United Arab Emirates",169,"United Arab Emirates","total  -  Comedy"
"total  -  Crime  -  United Arab Emirates",137,"United Arab Emirates","total  -  Crime"
"total  -  Drama  -  United Arab Emirates",362,"United Arab Emirates","total  -  Drama"
"total  -  Fantasy  -  United Arab Emirates",41,"United Arab Emirates","total  -  Fantasy"
"total  -  Mystery  -  United Arab Emirates",47,"United Arab Emirates","total  -  Mystery"
"total  -  Romance  -  United Arab Emirates",108,"United Arab Emirates","total  -  Romance"
"total  -  Thriller  -  United Arab Emirates",64,"United Arab Emirates","total  -  Thriller"
"total  -  Action  -  United Kingdom",177,"United Kingdom","total  -  Action"
"total  -  Adventure  -  United Kingdom",135,"United Kingdom","total  -  Adventure"
"total  -  Animation  -  United Kingdom",62,"United Kingdom","total  -  Animation"
"total  -  Comedy  -  United Kingdom",214,"United Kingdom","total  -  Comedy"
"total  -  Crime  -  United Kingdom",113,"United Kingdom","total  -  Crime"
"total  -  Documentary  -  United Kingdom",45,"United Kingdom","total  -  Documentary"
"total  -  Drama  -  United Kingdom",299,"United Kingdom","total  -  Drama"
"total  -  Romance  -  United Kingdom",77,"United Kingdom","total  -  Romance"
"total  -  Sci Fi  -  United Kingdom",37,"United Kingdom","total  -  Sci Fi"
"total  -  Thriller  -  United Kingdom",47,"United Kingdom","total  -  Thriller"
"total  -  Action  -  United States",151,"United States","total  -  Action"
"total  -  Adventure  -  United States",99,"United States","total  -  Adventure"
"total  -  Animation  -  United States",42,"United States","total  -  Animation"
"total  -  Comedy  -  United States",159,"United States","total  -  Comedy"
"total  -  Crime  -  United States",111,"United States","total  -  Crime"
"total  -  Documentary  -  United States",40,"United States","total  -  Documentary"
"total  -  Drama  -  United States",298,"United States","total  -  Drama"
"total  -  Mystery  -  United States",51,"United States","total  -  Mystery"
"total  -  Romance  -  United States",64,"United States","total  -  Romance"
"total  -  Thriller  -  United States",46,"United States","total  -  Thriller"
"total  -  Action  -  Uruguay",138,"Uruguay","total  -  Action"
"total  -  Adventure  -  Uruguay",103,"Uruguay","total  -  Adventure"
"total  -  Animation  -  Uruguay",46,"Uruguay","total  -  Animation"
"total  -  Comedy  -  Uruguay",161,"Uruguay","total  -  Comedy"
"total  -  Crime  -  Uruguay",150,"Uruguay","total  -  Crime"
"total  -  Drama  -  Uruguay",387,"Uruguay","total  -  Drama"
"total  -  Music  -  Uruguay",37,"Uruguay","total  -  Music"
"total  -  Mystery  -  Uruguay",60,"Uruguay","total  -  Mystery"
"total  -  Romance  -  Uruguay",86,"Uruguay","total  -  Romance"
"total  -  Thriller  -  Uruguay",79,"Uruguay","total  -  Thriller"
"total  -  Action  -  Venezuela",139,"Venezuela","total  -  Action"
"total  -  Adventure  -  Venezuela",73,"Venezuela","total  -  Adventure"
"total  -  Animation  -  Venezuela",36,"Venezuela","total  -  Animation"
"total  -  Comedy  -  Venezuela",180,"Venezuela","total  -  Comedy"
"total  -  Crime  -  Venezuela",120,"Venezuela","total  -  Crime"
"total  -  Drama  -  Venezuela",341,"Venezuela","total  -  Drama"
"total  -  Music  -  Venezuela",30,"Venezuela","total  -  Music"
"total  -  Mystery  -  Venezuela",43,"Venezuela","total  -  Mystery"
"total  -  Romance  -  Venezuela",119,"Venezuela","total  -  Romance"
"total  -  Thriller  -  Venezuela",75,"Venezuela","total  -  Thriller"
"total  -  Action  -  Vietnam",259,"Vietnam","total  -  Action"
"total  -  Adventure  -  Vietnam",139,"Vietnam","total  -  Adventure"
"total  -  Comedy  -  Vietnam",254,"Vietnam","total  -  Comedy"
"total  -  Crime  -  Vietnam",120,"Vietnam","total  -  Crime"
"total  -  Drama  -  Vietnam",325,"Vietnam","total  -  Drama"
"total  -  Fantasy  -  Vietnam",44,"Vietnam","total  -  Fantasy"
"total  -  Mystery  -  Vietnam",53,"Vietnam","total  -  Mystery"
"total  -  Romance  -  Vietnam",121,"Vietnam","total  -  Romance"
"total  -  Sci Fi  -  Vietnam",49,"Vietnam","total  -  Sci Fi"
"total  -  Thriller  -  Vietnam",76,"Vietnam","total  -  Thriller"
